CODIGO_DE_PRODUCTO,DESCRIPCION,PRECIO_BASE,PRECIO_CON_DESCUENTO,IMAGEN_DEL_PRODUCTO,DESCUENTO
VO 21051046,Barra de reacción,"$1,150.05","$1,150.05",C:\Users\ING ANGEL\Desktop\PRUEBA ANALISTA DATOS\ASSETS\VO 21051046\vo-21051046-barra-de-reaccion-volvo.jpg,No tiene descuento
VO 20582549,Cojinete de rodillo,$482.14,$482.14,C:\Users\ING ANGEL\Desktop\PRUEBA ANALISTA DATOS\ASSETS\VO 20582549\vo-20582549-cojinete-de-rodillo.jpg,No tiene descuento
VO 22566510,Panel Interruptor,$415.47,$249.28,C:\Users\ING ANGEL\Desktop\PRUEBA ANALISTA DATOS\ASSETS\VO 22566510\vo-22566510_panel_interruptor_volvo.jpg,40.00%
VO 24017083,Ventilador,"$1,531.75","$1,531.75",C:\Users\ING ANGEL\Desktop\PRUEBA ANALISTA DATOS\ASSETS\VO 24017083\vo-24017083_ventilador.jpg,No tiene descuento
VO 25640755,Arandela de ajuste,$63.61,$63.61,C:\Users\ING ANGEL\Desktop\PRUEBA ANALISTA DATOS\ASSETS\VO 25640755\anillo_de_embrague-vo-1668452_1_1.jpg,No tiene descuento
VO 943760,Anillo,$14.03,$14.03,C:\Users\ING ANGEL\Desktop\PRUEBA ANALISTA DATOS\ASSETS\VO 943760\anillo_de_embrague-vo-1668452_1.jpg,No tiene descuento
VO 1668452,Anillo de embrague,$853.87,$853.87,C:\Users\ING ANGEL\Desktop\PRUEBA ANALISTA DATOS\ASSETS\VO 1668452\anillo_de_embrague-vo-1668452.jpg,No tiene descuento
VO 21171973,Amortiguador de cabina,$346.58,$225.27,C:\Users\ING ANGEL\Desktop\PRUEBA ANALISTA DATOS\ASSETS\VO 21171973\vo21171973_-_001.jpg,35.00%
VO 984127,Anillo Tórico,$31.90,$31.90,C:\Users\ING ANGEL\Desktop\PRUEBA ANALISTA DATOS\ASSETS\VO 984127\984127.png,No tiene descuento
VO 23522307,"Faro posterior combinado, izquierdo",$667.88,$667.88,C:\Users\ING ANGEL\Desktop\PRUEBA ANALISTA DATOS\ASSETS\VO 23522307\vo23522307_1.png,No tiene descuento
VO 23522308,"Faro posterior combinado, derecho",$667.88,$667.88,C:\Users\ING ANGEL\Desktop\PRUEBA ANALISTA DATOS\ASSETS\VO 23522308\23522308.png,No tiene descuento
VO 1547254,conector,$7.61,$7.61,C:\Users\ING ANGEL\Desktop\PRUEBA ANALISTA DATOS\ASSETS\VO 1547254\1547254.png,No tiene descuento
VO 21021925,conector,$38.18,$38.18,C:\Users\ING ANGEL\Desktop\PRUEBA ANALISTA DATOS\ASSETS\VO 21021925\21021925.png,No tiene descuento
VO 20509932,Juego de aro de pistón,$168.07,$168.07,C:\Users\ING ANGEL\Desktop\PRUEBA ANALISTA DATOS\ASSETS\VO 20509932\vo20509932.png,No tiene descuento
VO 21503575,Anillo retén,$6.48,$6.48,C:\Users\ING ANGEL\Desktop\PRUEBA ANALISTA DATOS\ASSETS\VO 21503575\21503575_1.png,No tiene descuento
VO 181632,Cojinete de agujas,$80.30,$80.30,C:\Users\ING ANGEL\Desktop\PRUEBA ANALISTA DATOS\ASSETS\VO 181632\vo1521452_1_1_1.jpg,No tiene descuento
VO 1524881,Cojinete de agujas,$52.69,$52.69,C:\Users\ING ANGEL\Desktop\PRUEBA ANALISTA DATOS\ASSETS\VO 1524881\vo1521452_1_1.jpg,No tiene descuento
VO 8157759,Interruptor,$165.64,$165.64,C:\Users\ING ANGEL\Desktop\PRUEBA ANALISTA DATOS\ASSETS\VO 8157759\interruptor.jpg,No tiene descuento
VO 23577726,Bomba de Agua,"$1,027.86","$1,027.86",C:\Users\ING ANGEL\Desktop\PRUEBA ANALISTA DATOS\ASSETS\VO 23577726\vo23577726_1.png,No tiene descuento
VO 20872625,Servoembrague,$333.04,$333.04,C:\Users\ING ANGEL\Desktop\PRUEBA ANALISTA DATOS\ASSETS\VO 20872625\vo20872625__.jpg,No tiene descuento
VO 21584844,Tapa,$84.79,$84.79,C:\Users\ING ANGEL\Desktop\PRUEBA ANALISTA DATOS\ASSETS\VO 21584844\vo21584844_1.png,No tiene descuento
VO 994926,Tuerca,$2.73,$2.73,C:\Users\ING ANGEL\Desktop\PRUEBA ANALISTA DATOS\ASSETS\VO 994926\tuerca_1.png,No tiene descuento
VO 8172031,Cojinete de desembrague,$496.82,$496.82,C:\Users\ING ANGEL\Desktop\PRUEBA ANALISTA DATOS\ASSETS\VO 8172031\vo8172031_-_001.png,No tiene descuento
VO 21094391,Guardabarros,$237.96,$237.96,C:\Users\ING ANGEL\Desktop\PRUEBA ANALISTA DATOS\ASSETS\VO 21094391\vo21094391_1.jpg,No tiene descuento
VO 22335632,Tapa de llenado,$160.85,$160.85,C:\Users\ING ANGEL\Desktop\PRUEBA ANALISTA DATOS\ASSETS\VO 22335632\vo22335632__1.jpg,No tiene descuento
VO 23111320,Amortiguador,$261.37,$169.90,C:\Users\ING ANGEL\Desktop\PRUEBA ANALISTA DATOS\ASSETS\VO 23111320\vo23111320_-_001.jpg,35.00%
VO 82423087,Protector,$88.92,$88.92,C:\Users\ING ANGEL\Desktop\PRUEBA ANALISTA DATOS\ASSETS\VO 82423087\vo82423087_1.png,No tiene descuento
VO 82440282,Consola,$307.04,$307.04,C:\Users\ING ANGEL\Desktop\PRUEBA ANALISTA DATOS\ASSETS\VO 82440282\vo82440282_1.png,No tiene descuento
VO 21233970,Manguito guía,$774.13,$774.13,C:\Users\ING ANGEL\Desktop\PRUEBA ANALISTA DATOS\ASSETS\VO 21233970\21233970_1.jpg,No tiene descuento
VO 23766595,Válvula de admisión,$222.63,$222.63,C:\Users\ING ANGEL\Desktop\PRUEBA ANALISTA DATOS\ASSETS\VO 23766595\vo23766594.jpg,No tiene descuento
VO 21005294,Interruptor,$311.11,$311.11,C:\Users\ING ANGEL\Desktop\PRUEBA ANALISTA DATOS\ASSETS\VO 21005294\vo21005294_1.jpg,No tiene descuento
VO 21233969,Manguito guía,$736.14,$736.14,C:\Users\ING ANGEL\Desktop\PRUEBA ANALISTA DATOS\ASSETS\VO 21233969\21233970_1_1.jpg,No tiene descuento
VO 1656264,Distribuidor de Aceite,$198.06,$198.06,C:\Users\ING ANGEL\Desktop\PRUEBA ANALISTA DATOS\ASSETS\VO 1656264\vo-1521406_1_1.png,No tiene descuento
VO 1521406,Eje Principal,"$3,413.92","$3,413.92",C:\Users\ING ANGEL\Desktop\PRUEBA ANALISTA DATOS\ASSETS\VO 1521406\vo1521406_1.jpg,No tiene descuento
VO 23469624,Juego de crucetas,$691.10,$691.10,C:\Users\ING ANGEL\Desktop\PRUEBA ANALISTA DATOS\ASSETS\VO 23469624\vo-23469624.jpg,No tiene descuento
VOE 54486166,Refrigerante Volvo VCS-2 Premezclado Naranja - 20 Litros,$223.16,$145.06,C:\Users\ING ANGEL\Desktop\PRUEBA ANALISTA DATOS\ASSETS\VOE 54486166\refrigerantevcs2.png,35.00%
VO 21211250,Interruptor,$93.87,$93.87,C:\Users\ING ANGEL\Desktop\PRUEBA ANALISTA DATOS\ASSETS\VO 21211250\small_image.jpg,No tiene descuento
VO 21211195,Interruptor,$93.87,$93.87,C:\Users\ING ANGEL\Desktop\PRUEBA ANALISTA DATOS\ASSETS\VO 21211195\small_image.jpg,No tiene descuento
VO 22585191,Interruptor,$93.87,$93.87,C:\Users\ING ANGEL\Desktop\PRUEBA ANALISTA DATOS\ASSETS\VO 22585191\small_image.jpg,No tiene descuento
VO 24283117,Kit de filtros de caja,$45.18,$27.10,C:\Users\ING ANGEL\Desktop\PRUEBA ANALISTA DATOS\ASSETS\VO 24283117\small_image.jpg,40.02%
VO 23637095,Sensor de velocidad de rueda,$194.32,$194.32,C:\Users\ING ANGEL\Desktop\PRUEBA ANALISTA DATOS\ASSETS\VO 23637095\small_image.jpg,No tiene descuento
VO 20807510,Tapa de llenado,$21.74,$21.74,C:\Users\ING ANGEL\Desktop\PRUEBA ANALISTA DATOS\ASSETS\VO 20807510\small_image.jpg,No tiene descuento
VO 23942786,Kit Tubos de Dirección,$295.58,$295.58,C:\Users\ING ANGEL\Desktop\PRUEBA ANALISTA DATOS\ASSETS\VO 23942786\small_image.jpg,No tiene descuento
VO 84134281,Cubierta,$18.25,$18.25,C:\Users\ING ANGEL\Desktop\PRUEBA ANALISTA DATOS\ASSETS\VO 84134281\small_image.jpg,No tiene descuento
VO 84134279,Capó,$18.25,$18.25,C:\Users\ING ANGEL\Desktop\PRUEBA ANALISTA DATOS\ASSETS\VO 84134279\small_image.jpg,No tiene descuento
VO 8143712,Cubierta del brazo del limpiaparabrisas,$19.12,$19.12,C:\Users\ING ANGEL\Desktop\PRUEBA ANALISTA DATOS\ASSETS\VO 8143712\small_image.jpg,No tiene descuento
VO 22659301,Varilla,$103.10,$103.10,C:\Users\ING ANGEL\Desktop\PRUEBA ANALISTA DATOS\ASSETS\VO 22659301\small_image.jpg,No tiene descuento
VO 949072,Retén,$6.14,$6.14,C:\Users\ING ANGEL\Desktop\PRUEBA ANALISTA DATOS\ASSETS\VO 949072\small_image.jpg,No tiene descuento
VO 1524895,Laminilla de ajuste,$20.38,$20.38,C:\Users\ING ANGEL\Desktop\PRUEBA ANALISTA DATOS\ASSETS\VO 1524895\small_image.jpg,No tiene descuento
VO 21302536,Diferencial,"$2,751.18","$2,751.18",C:\Users\ING ANGEL\Desktop\PRUEBA ANALISTA DATOS\ASSETS\VO 21302536\small_image.jpg,No tiene descuento
VO 184623,Cojinete rodillo,$316.54,$316.54,C:\Users\ING ANGEL\Desktop\PRUEBA ANALISTA DATOS\ASSETS\VO 184623\small_image.jpg,No tiene descuento
VO 20523491,Kit engranaje diferencial,"$1,624.74","$1,624.74",C:\Users\ING ANGEL\Desktop\PRUEBA ANALISTA DATOS\ASSETS\VO 20523491\small_image.jpg,No tiene descuento
VO 24003051,Anillo sincronizador,$468.47,$281.09,C:\Users\ING ANGEL\Desktop\PRUEBA ANALISTA DATOS\ASSETS\VO 24003051\vo24003051_-_001.png,40.00%
VO 257900,Muelle Posterior,"$2,057.42","$2,057.42",C:\Users\ING ANGEL\Desktop\PRUEBA ANALISTA DATOS\ASSETS\VO 257900\small_image.jpg,No tiene descuento
VO 24084430,Soporte de motor,$648.29,$648.29,C:\Users\ING ANGEL\Desktop\PRUEBA ANALISTA DATOS\ASSETS\VO 24084430\vo24084430_-_001.png,No tiene descuento
VO 20503551,Cojin de goma delantero,$263.97,$263.97,C:\Users\ING ANGEL\Desktop\PRUEBA ANALISTA DATOS\ASSETS\VO 20503551\vo20503551_-_001.png,No tiene descuento
VO 21429782,Alternador,"$1,334.30",$800.58,C:\Users\ING ANGEL\Desktop\PRUEBA ANALISTA DATOS\ASSETS\VO 21429782\vo21429782_-_001.jpg,40.00%
VO 22937094,Disco de Embrague,"$1,184.04",$888.03,C:\Users\ING ANGEL\Desktop\PRUEBA ANALISTA DATOS\ASSETS\VO 22937094\vo-22937094-disco-de-embrague.jpg,25.00%
VO 82304599,Faro,$917.19,$917.19,C:\Users\ING ANGEL\Desktop\PRUEBA ANALISTA DATOS\ASSETS\VO 82304599\vo82304599_-_001.png,No tiene descuento
VO 82304585,Faro,$917.19,$917.19,C:\Users\ING ANGEL\Desktop\PRUEBA ANALISTA DATOS\ASSETS\VO 82304585\vo82304585_-_001.png,No tiene descuento
VO 20483426,Anillo reten,$93.41,$93.41,C:\Users\ING ANGEL\Desktop\PRUEBA ANALISTA DATOS\ASSETS\VO 20483426\vo20483426_-_001.png,No tiene descuento
VO 21789683,Cable de mando,$379.22,$379.22,C:\Users\ING ANGEL\Desktop\PRUEBA ANALISTA DATOS\ASSETS\VO 21789683\vo21789683_-_001.png,No tiene descuento
VO 78517389,Parabrisas para camión FH Nueva línea,$833.29,$833.29,C:\Users\ING ANGEL\Desktop\PRUEBA ANALISTA DATOS\ASSETS\VO 78517389\para-brisa-84742369-volvo_1.jpg,No tiene descuento
VO 84742369,Parabrisas para camión FH,$847.64,$847.64,C:\Users\ING ANGEL\Desktop\PRUEBA ANALISTA DATOS\ASSETS\VO 84742369\para-brisa-84742369-volvo.jpg,No tiene descuento
VO 24162657,Sensor de Velocímetro,$356.67,$231.83,C:\Users\ING ANGEL\Desktop\PRUEBA ANALISTA DATOS\ASSETS\VO 24162657\vo24162657_-_001.png,35.00%
VO 21761288,Faro combinado izquierdo,$197.28,$197.28,C:\Users\ING ANGEL\Desktop\PRUEBA ANALISTA DATOS\ASSETS\VO 21761288\faro-combinado-vo-21761288-volvo.jpg,No tiene descuento
VO 949329,Junta,$1.38,$1.38,C:\Users\ING ANGEL\Desktop\PRUEBA ANALISTA DATOS\ASSETS\VO 949329\vo949656_-_001_3.png,No tiene descuento
VO 20424051,Interruptor de presión,$165.64,$165.64,C:\Users\ING ANGEL\Desktop\PRUEBA ANALISTA DATOS\ASSETS\VO 20424051\vo20424051_-_001.jpg,No tiene descuento
VO 20430614,Correa en V,$102.31,$102.31,C:\Users\ING ANGEL\Desktop\PRUEBA ANALISTA DATOS\ASSETS\VO 20430614\vo20430614_-_001.png,No tiene descuento
VO 22078082,TAPA,$103.82,$103.82,C:\Users\ING ANGEL\Desktop\PRUEBA ANALISTA DATOS\ASSETS\VO 22078082\vo22078082_-_001.png,No tiene descuento
VO 20479636,Moldura de retén,$20.06,$20.06,C:\Users\ING ANGEL\Desktop\PRUEBA ANALISTA DATOS\ASSETS\VO 20479636\vo20479636_-_001.jpg,No tiene descuento
VO 20489341,Moldura de retén,$39.77,$39.77,C:\Users\ING ANGEL\Desktop\PRUEBA ANALISTA DATOS\ASSETS\VO 20489341\vo20489341_-_001.png,No tiene descuento
VO 20714247,Moldura de retén,$36.04,$36.04,C:\Users\ING ANGEL\Desktop\PRUEBA ANALISTA DATOS\ASSETS\VO 20714247\vo20714247_-_001.png,No tiene descuento
VO 82417042,Brazo,$39.25,$39.25,C:\Users\ING ANGEL\Desktop\PRUEBA ANALISTA DATOS\ASSETS\VO 82417042\vo82417042_-_001.png,No tiene descuento
VO 82417044,Cristal de puerta,$171.32,$171.32,C:\Users\ING ANGEL\Desktop\PRUEBA ANALISTA DATOS\ASSETS\VO 82417044\vo82417044_-_001.png,No tiene descuento
VO 20768974,Cristal de puerta,$416.67,$416.67,C:\Users\ING ANGEL\Desktop\PRUEBA ANALISTA DATOS\ASSETS\VO 20768974\vo82417044_-_001_1.png,No tiene descuento
VO 82472612,Cubierta,$28.64,$28.64,C:\Users\ING ANGEL\Desktop\PRUEBA ANALISTA DATOS\ASSETS\VO 82472612\vo82471688_-_001_1.png,No tiene descuento
VO 82417045,Brazo de adorno,$34.68,$34.68,C:\Users\ING ANGEL\Desktop\PRUEBA ANALISTA DATOS\ASSETS\VO 82417045\vo82417045_-_001_1.png,No tiene descuento
VO 22835610,Servoturbo,$164.23,$164.23,C:\Users\ING ANGEL\Desktop\PRUEBA ANALISTA DATOS\ASSETS\VO 22835610\vo22835610_-_001.png,No tiene descuento
VO 82355055,Módulo,$492.43,$492.43,C:\Users\ING ANGEL\Desktop\PRUEBA ANALISTA DATOS\ASSETS\VO 82355055\vo82358216_-_002_1.png,No tiene descuento
VO 82358216,Módulo,$492.43,$492.43,C:\Users\ING ANGEL\Desktop\PRUEBA ANALISTA DATOS\ASSETS\VO 82358216\vo82358216_-_001.png,No tiene descuento
VO 1524716,Kit de Rodaje,$18.81,$18.81,C:\Users\ING ANGEL\Desktop\PRUEBA ANALISTA DATOS\ASSETS\VO 1524716\vo1524716_-_001.png,No tiene descuento
VO 21670857,Conmutador,$438.71,$438.71,C:\Users\ING ANGEL\Desktop\PRUEBA ANALISTA DATOS\ASSETS\VO 21670857\vo21670857_1.jpg,No tiene descuento
VO 21321094,Parabrisas para camión FM FMX,$574.92,$574.92,C:\Users\ING ANGEL\Desktop\PRUEBA ANALISTA DATOS\ASSETS\VO 21321094\21321094-volvo.jpg,No tiene descuento
VO 22327072,Electroválvula,$669.07,$468.35,C:\Users\ING ANGEL\Desktop\PRUEBA ANALISTA DATOS\ASSETS\VO 22327072\electrovalvula-vo-22327072.jpg,30.00%
VO 22397140,Bomba de aceite,"$1,262.69","$1,262.69",C:\Users\ING ANGEL\Desktop\PRUEBA ANALISTA DATOS\ASSETS\VO 22397140\vo22397140_-_001.jpg,No tiene descuento
VO 1668730,Circlip,$17.68,$17.68,C:\Users\ING ANGEL\Desktop\PRUEBA ANALISTA DATOS\ASSETS\VO 1668730\vo1668730_1.png,No tiene descuento
VO 25339078,Tornillo,$5.66,$5.66,C:\Users\ING ANGEL\Desktop\PRUEBA ANALISTA DATOS\ASSETS\VO 25339078\vo25339078_-_001.jpg,No tiene descuento
VO 995906,Tornillo,$14.14,$14.14,C:\Users\ING ANGEL\Desktop\PRUEBA ANALISTA DATOS\ASSETS\VO 995906\vo995906_1.jpg,No tiene descuento
VO 980464,Abrazadera,$1.11,$1.11,C:\Users\ING ANGEL\Desktop\PRUEBA ANALISTA DATOS\ASSETS\VO 980464\vo948211_1_1.png,No tiene descuento
VO 977005,Anillo Tórico,$4.81,$4.81,C:\Users\ING ANGEL\Desktop\PRUEBA ANALISTA DATOS\ASSETS\VO 977005\vo949656_-_001_1.png,No tiene descuento
VO 23423411,Seguro,$5.89,$5.89,C:\Users\ING ANGEL\Desktop\PRUEBA ANALISTA DATOS\ASSETS\VO 23423411\vo1668459_1_2.png,No tiene descuento
VO 20539766,Engranaje,"$1,763.17","$1,763.17",C:\Users\ING ANGEL\Desktop\PRUEBA ANALISTA DATOS\ASSETS\VO 20539766\vo20438640_1_1.png,No tiene descuento
VO 951080,Anillo retén,$17.41,$17.41,C:\Users\ING ANGEL\Desktop\PRUEBA ANALISTA DATOS\ASSETS\VO 951080\vo20476025_1_1.jpg,No tiene descuento
VO 23424897,Cubo (eje trasero),"$1,659.29","$1,659.29",C:\Users\ING ANGEL\Desktop\PRUEBA ANALISTA DATOS\ASSETS\VO 23424897\vo21328181_1_1.jpg,No tiene descuento
VO 21789684,Cable de mando,$388.74,$388.74,C:\Users\ING ANGEL\Desktop\PRUEBA ANALISTA DATOS\ASSETS\VO 21789684\vo21789684_1.jpg,No tiene descuento
VO 21637266,Balancín,$349.36,$349.36,C:\Users\ING ANGEL\Desktop\PRUEBA ANALISTA DATOS\ASSETS\VO 21637266\balancin-vo-21637266.jpg,No tiene descuento
VO 21399626,Sensor de nivel,$77.77,$77.77,C:\Users\ING ANGEL\Desktop\PRUEBA ANALISTA DATOS\ASSETS\VO 21399626\vo-21399626.jpg,No tiene descuento
VO 1651247,Brida,$576.80,$576.80,C:\Users\ING ANGEL\Desktop\PRUEBA ANALISTA DATOS\ASSETS\VO 1651247\vo1651247_1.jpg,No tiene descuento
VO 20529638,Estribo,$212.03,$212.03,C:\Users\ING ANGEL\Desktop\PRUEBA ANALISTA DATOS\ASSETS\VO 20529638\vo20529638_-_001.png,No tiene descuento
VO 20529640,Estribo,$212.03,$212.03,C:\Users\ING ANGEL\Desktop\PRUEBA ANALISTA DATOS\ASSETS\VO 20529640\vo20529640_-_001.png,No tiene descuento
VO 20995564,Kit de reparación,$46.67,$46.67,C:\Users\ING ANGEL\Desktop\PRUEBA ANALISTA DATOS\ASSETS\VO 20995564\vo20995564_-_001.png,No tiene descuento
VO 21928770,Rueda De Disco,"$1,004.65","$1,004.65",C:\Users\ING ANGEL\Desktop\PRUEBA ANALISTA DATOS\ASSETS\VO 21928770\vo21928770_-_001.png,No tiene descuento
VO 20869387,Taza de filtro,$246.01,$246.01,C:\Users\ING ANGEL\Desktop\PRUEBA ANALISTA DATOS\ASSETS\VO 20869387\vo20869387_-_001.png,No tiene descuento
PE2 20002061,Kit de Mantenimiento Preventivo - Cilindro D12D,"$3,326.93","$2,162.50",C:\Users\ING ANGEL\Desktop\PRUEBA ANALISTA DATOS\ASSETS\PE2 20002061\kit-mantenimiento-volvo-3_1.png,35.00%
VO 20588775,Manguito de Embrague,"$1,071.10","$1,071.10",C:\Users\ING ANGEL\Desktop\PRUEBA ANALISTA DATOS\ASSETS\VO 20588775\anillo-de-sincronizacion-vo-20588775.jpg,No tiene descuento
VO 949656,Anillo Retén,$3.82,$3.82,C:\Users\ING ANGEL\Desktop\PRUEBA ANALISTA DATOS\ASSETS\VO 949656\vo949656_-_001.png,No tiene descuento
VO 944364,Anillo Retén,$1.65,$1.65,C:\Users\ING ANGEL\Desktop\PRUEBA ANALISTA DATOS\ASSETS\VO 944364\vo944364_-_001.jpg,No tiene descuento
VO 23815074,Anillo Retén,$32.60,$32.60,C:\Users\ING ANGEL\Desktop\PRUEBA ANALISTA DATOS\ASSETS\VO 23815074\vo23815074_-_001.png,No tiene descuento
VO 20889192,Brazo,$135.58,$135.58,C:\Users\ING ANGEL\Desktop\PRUEBA ANALISTA DATOS\ASSETS\VO 20889192\vo20889192_-_001.png,No tiene descuento
VO 3152722,Engranaje,"$1,567.74","$1,567.74",C:\Users\ING ANGEL\Desktop\PRUEBA ANALISTA DATOS\ASSETS\VO 3152722\engranaje-de-marcha-vo-3152722.jpg,No tiene descuento
VO 20366826,Manguito de Embrague,$953.32,$953.32,C:\Users\ING ANGEL\Desktop\PRUEBA ANALISTA DATOS\ASSETS\VO 20366826\vo20366826_-_001.png,No tiene descuento
VO 20478729,Manguito de Embrague,"$1,006.03","$1,006.03",C:\Users\ING ANGEL\Desktop\PRUEBA ANALISTA DATOS\ASSETS\VO 20478729\vo20366826_-_001_1.png,No tiene descuento
VO 990971,Tuerca,$2.54,$2.54,C:\Users\ING ANGEL\Desktop\PRUEBA ANALISTA DATOS\ASSETS\VO 990971\vo22901068_-_001_1.png,No tiene descuento
VO 22901068,Tuerca,$6.23,$6.23,C:\Users\ING ANGEL\Desktop\PRUEBA ANALISTA DATOS\ASSETS\VO 22901068\vo22901068_-_001.png,No tiene descuento
VO 8172218,Seguro,$19.18,$19.18,C:\Users\ING ANGEL\Desktop\PRUEBA ANALISTA DATOS\ASSETS\VO 8172218\vo8172218_1.jpg,No tiene descuento
VO 3150549,Pasador,$4.79,$4.79,C:\Users\ING ANGEL\Desktop\PRUEBA ANALISTA DATOS\ASSETS\VO 3150549\vo8171226_1_1.jpg,No tiene descuento
VO 3150548,Pasador,$5.43,$5.43,C:\Users\ING ANGEL\Desktop\PRUEBA ANALISTA DATOS\ASSETS\VO 3150548\vo8171226_1_2.jpg,No tiene descuento
VO 8171228,Pasador,$3.59,$3.59,C:\Users\ING ANGEL\Desktop\PRUEBA ANALISTA DATOS\ASSETS\VO 8171228\vo8171226_1_3.jpg,No tiene descuento
VO 8171226,Pasador,$2.54,$2.54,C:\Users\ING ANGEL\Desktop\PRUEBA ANALISTA DATOS\ASSETS\VO 8171226\vo8171226_1.jpg,No tiene descuento
VO 20477570,Selector,$51.33,$51.33,C:\Users\ING ANGEL\Desktop\PRUEBA ANALISTA DATOS\ASSETS\VO 20477570\vo20477570_1.png,No tiene descuento
VO 1668459,Circlip,$15.10,$15.10,C:\Users\ING ANGEL\Desktop\PRUEBA ANALISTA DATOS\ASSETS\VO 1668459\vo1668459_1.png,No tiene descuento
VO 8171420,Arandela,$16.79,$16.79,C:\Users\ING ANGEL\Desktop\PRUEBA ANALISTA DATOS\ASSETS\VO 8171420\vo1668459_1_1.png,No tiene descuento
VO 20944716,Seguro,$2.71,$2.71,C:\Users\ING ANGEL\Desktop\PRUEBA ANALISTA DATOS\ASSETS\VO 20944716\vo20944716_-_001.png,No tiene descuento
VO 1652948,Arandela,$1.50,$1.50,C:\Users\ING ANGEL\Desktop\PRUEBA ANALISTA DATOS\ASSETS\VO 1652948\vo1652948_-_001.jpg,No tiene descuento
VO 1652176,Arandela,$8.48,$8.48,C:\Users\ING ANGEL\Desktop\PRUEBA ANALISTA DATOS\ASSETS\VO 1652176\vo1652176_-_001.png,No tiene descuento
VO 21501189,Retén,$5.63,$5.63,C:\Users\ING ANGEL\Desktop\PRUEBA ANALISTA DATOS\ASSETS\VO 21501189\vo21501189_-_001.png,No tiene descuento
VO 85104133,Juego de bocina de inyector,$24.60,$24.60,C:\Users\ING ANGEL\Desktop\PRUEBA ANALISTA DATOS\ASSETS\VO 85104133\vo85104133_-_001.png,No tiene descuento
VO 3099100,Guía de Válvulas,$419.07,$419.07,C:\Users\ING ANGEL\Desktop\PRUEBA ANALISTA DATOS\ASSETS\VO 3099100\vo3099100_-_001.png,No tiene descuento
VO 1546437,Guía de Válvulas,$21.07,$21.07,C:\Users\ING ANGEL\Desktop\PRUEBA ANALISTA DATOS\ASSETS\VO 1546437\vo1546437_-_001.jpg,No tiene descuento
VO 3165369,Asiento de Válvula,$49.69,$49.69,C:\Users\ING ANGEL\Desktop\PRUEBA ANALISTA DATOS\ASSETS\VO 3165369\vo3183227_-_001.jpg,No tiene descuento
VO 3183227,Asiento de Válvula,$44.00,$44.00,C:\Users\ING ANGEL\Desktop\PRUEBA ANALISTA DATOS\ASSETS\VO 3183227\vo3183227_-_001_1.jpg,No tiene descuento
VO 3169490,Válvula de admisión,$93.17,$93.17,C:\Users\ING ANGEL\Desktop\PRUEBA ANALISTA DATOS\ASSETS\VO 3169490\vo22796767_2.jpg,No tiene descuento
VO 8148574,Válvula de escape,$111.50,$111.50,C:\Users\ING ANGEL\Desktop\PRUEBA ANALISTA DATOS\ASSETS\VO 8148574\vo22796768.jpg,No tiene descuento
VO 20542213,Manguera de llenado,$78.66,$78.66,C:\Users\ING ANGEL\Desktop\PRUEBA ANALISTA DATOS\ASSETS\VO 20542213\vo20542213_-_001.png,No tiene descuento
VO 1674083,Tapa de presión,$53.05,$53.05,C:\Users\ING ANGEL\Desktop\PRUEBA ANALISTA DATOS\ASSETS\VO 1674083\vo1674083_-_001.png,No tiene descuento
VO 23867570,Cartucho secador,$294.07,$294.07,C:\Users\ING ANGEL\Desktop\PRUEBA ANALISTA DATOS\ASSETS\VO 23867570\vo23867570_-_001.jpg,No tiene descuento
VO 995055,Tornillo,$26.13,$26.13,C:\Users\ING ANGEL\Desktop\PRUEBA ANALISTA DATOS\ASSETS\VO 995055\vo995055_-_001.png,No tiene descuento
PE2 20002059,Kit de cilindro D11A-B11R,"$3,438.61","$2,235.10",C:\Users\ING ANGEL\Desktop\PRUEBA ANALISTA DATOS\ASSETS\PE2 20002059\kit-mantenimiento-volvo-3_3.png,35.00%
VO 21365098,Servoturbo,$672.05,$672.05,C:\Users\ING ANGEL\Desktop\PRUEBA ANALISTA DATOS\ASSETS\VO 21365098\vo21365098_-_001.jpg,No tiene descuento
VO 21088550,Servoturbo,$205.24,$205.24,C:\Users\ING ANGEL\Desktop\PRUEBA ANALISTA DATOS\ASSETS\VO 21088550\vo21088550_-_001.png,No tiene descuento
VO 20702095,Juego De Casquillo,$602.57,$602.57,C:\Users\ING ANGEL\Desktop\PRUEBA ANALISTA DATOS\ASSETS\VO 20702095\vo20702095_-_001.jpg,No tiene descuento
VO 22615178,Servotubo,$672.06,$672.06,C:\Users\ING ANGEL\Desktop\PRUEBA ANALISTA DATOS\ASSETS\VO 22615178\vo_22615178_1.jpg,No tiene descuento
VO 22206133,Junta,$5.17,$5.17,C:\Users\ING ANGEL\Desktop\PRUEBA ANALISTA DATOS\ASSETS\VO 22206133\vo22206133_1.png,No tiene descuento
VO 20784537,Junta,$8.71,$8.71,C:\Users\ING ANGEL\Desktop\PRUEBA ANALISTA DATOS\ASSETS\VO 20784537\vo20784537_1.png,No tiene descuento
VO 276948,Kit de anillo de inyector bomba,$8.57,$8.57,C:\Users\ING ANGEL\Desktop\PRUEBA ANALISTA DATOS\ASSETS\VO 276948\vo276948_1.png,No tiene descuento
VO 21293367,Moldura,$109.36,$109.36,C:\Users\ING ANGEL\Desktop\PRUEBA ANALISTA DATOS\ASSETS\VO 21293367\vo21293367_1.jpg,No tiene descuento
VO 20747511,Juego de aro de pistón,$154.96,$154.96,C:\Users\ING ANGEL\Desktop\PRUEBA ANALISTA DATOS\ASSETS\VO 20747511\vo20747511__.jpg,No tiene descuento
VO 23658092,Filtro de aceite,$43.67,$43.67,C:\Users\ING ANGEL\Desktop\PRUEBA ANALISTA DATOS\ASSETS\VO 23658092\vo23658092_1.jpg,No tiene descuento
VO 20381185,Casquillo,$27.82,$27.82,C:\Users\ING ANGEL\Desktop\PRUEBA ANALISTA DATOS\ASSETS\VO 20381185\vo20381185_1.jpg,No tiene descuento
VO 471706,Válvula de presión de aceite,$131.87,$131.87,C:\Users\ING ANGEL\Desktop\PRUEBA ANALISTA DATOS\ASSETS\VO 471706\vo471706_1.jpg,No tiene descuento
VO 20503200,Juego de Casquillos,$50.04,$50.04,C:\Users\ING ANGEL\Desktop\PRUEBA ANALISTA DATOS\ASSETS\VO 20503200\vo20503200_.jpg,No tiene descuento
VO 276630,Juego de Casquillos,$44.46,$44.46,C:\Users\ING ANGEL\Desktop\PRUEBA ANALISTA DATOS\ASSETS\VO 276630\vo276630_1.jpg,No tiene descuento
VO 21534097,Forro de frenos,$140.59,$140.59,C:\Users\ING ANGEL\Desktop\PRUEBA ANALISTA DATOS\ASSETS\VO 21534097\vo21534097_1.jpg,No tiene descuento
VO 21312236,Manguera de aire,$253.45,$253.45,C:\Users\ING ANGEL\Desktop\PRUEBA ANALISTA DATOS\ASSETS\VO 21312236\vo21312236_-_001.png,No tiene descuento
VO 84099794,Espejo,$169.87,$169.87,C:\Users\ING ANGEL\Desktop\PRUEBA ANALISTA DATOS\ASSETS\VO 84099794\vo84099794_-_001.png,No tiene descuento
VO 20428165,Buje de goma,$35.46,$35.46,C:\Users\ING ANGEL\Desktop\PRUEBA ANALISTA DATOS\ASSETS\VO 20428165\vo20428165_-_001.png,No tiene descuento
VO 8193841,Filtro de Combustible,$29.18,$29.18,C:\Users\ING ANGEL\Desktop\PRUEBA ANALISTA DATOS\ASSETS\VO 8193841\vo8193841_-_001.png,No tiene descuento
VO 21177259,Conector,$77.46,$77.46,C:\Users\ING ANGEL\Desktop\PRUEBA ANALISTA DATOS\ASSETS\VO 21177259\vo21177259_-_001.jpg,No tiene descuento
VO 21497416,Manguera flexible,$233.85,$175.40,C:\Users\ING ANGEL\Desktop\PRUEBA ANALISTA DATOS\ASSETS\VO 21497416\vo21497416_-_001.png,24.99%
VO 20551483,Anillo retén,$14.95,$14.95,C:\Users\ING ANGEL\Desktop\PRUEBA ANALISTA DATOS\ASSETS\VO 20551483\vo20551483_-_001.png,No tiene descuento
VO 1652575,Rodaje N7S,$91.99,$91.99,C:\Users\ING ANGEL\Desktop\PRUEBA ANALISTA DATOS\ASSETS\VO 1652575\vo1652575_-_001_1.jpg,No tiene descuento
VO 1652581,Juego de rodaje  N7S,$76.87,$76.87,C:\Users\ING ANGEL\Desktop\PRUEBA ANALISTA DATOS\ASSETS\VO 1652581\vo1652581_-_001.jpg,No tiene descuento
VO 1656129,Cojinete de rodillo,$323.39,$323.39,C:\Users\ING ANGEL\Desktop\PRUEBA ANALISTA DATOS\ASSETS\VO 1656129\vo1656129_-_001.png,No tiene descuento
VO 20791305,Anillo retén,$74.66,$74.66,C:\Users\ING ANGEL\Desktop\PRUEBA ANALISTA DATOS\ASSETS\VO 20791305\anillo-reten-vo-20791305.jpg,No tiene descuento
VO 22248490,Cableado de motor,$568.10,$568.10,C:\Users\ING ANGEL\Desktop\PRUEBA ANALISTA DATOS\ASSETS\VO 22248490\vo22248490_-_001.png,No tiene descuento
VO 20541940,Moldura retén,$83.04,$83.04,C:\Users\ING ANGEL\Desktop\PRUEBA ANALISTA DATOS\ASSETS\VO 20541940\vo20541940_-_001.png,No tiene descuento
VO 21510072,Junta de Culata,$280.98,$280.98,C:\Users\ING ANGEL\Desktop\PRUEBA ANALISTA DATOS\ASSETS\VO 21510072\vo21510072_-_001.png,No tiene descuento
VO 21185132,Junta,$10.67,$10.67,C:\Users\ING ANGEL\Desktop\PRUEBA ANALISTA DATOS\ASSETS\VO 21185132\vo21185132_-_001.jpg,No tiene descuento
VO 20561997,Asiento de Válvula,$71.81,$71.81,C:\Users\ING ANGEL\Desktop\PRUEBA ANALISTA DATOS\ASSETS\VO 20561997\mk20561997.jpg,No tiene descuento
VO 20817742,Junta,$39.33,$39.33,C:\Users\ING ANGEL\Desktop\PRUEBA ANALISTA DATOS\ASSETS\VO 20817742\vo20817742_-_001.png,No tiene descuento
VO 20530103,Asiento de Válvula,$67.73,$67.73,C:\Users\ING ANGEL\Desktop\PRUEBA ANALISTA DATOS\ASSETS\VO 20530103\vo20530103_-_001.png,No tiene descuento
VO 20911558,Manojo de Cables,"$1,376.09","$1,376.09",C:\Users\ING ANGEL\Desktop\PRUEBA ANALISTA DATOS\ASSETS\VO 20911558\vo20911558_-_001.jpg,No tiene descuento
VO 996844,Tornillo Hexagonal,$68.26,$68.26,C:\Users\ING ANGEL\Desktop\PRUEBA ANALISTA DATOS\ASSETS\VO 996844\vo996844_-_001.png,No tiene descuento
VO 22275088,Correa en V,$94.60,$94.60,C:\Users\ING ANGEL\Desktop\PRUEBA ANALISTA DATOS\ASSETS\VO 22275088\vo22275088_-_001.png,No tiene descuento
VO 20922589,Cable,$54.81,$54.81,C:\Users\ING ANGEL\Desktop\PRUEBA ANALISTA DATOS\ASSETS\VO 20922589\vo20922589_-_001.png,No tiene descuento
VO 23103145,Juego De Camisa De Cilindro,"$1,186.11","$1,186.11",C:\Users\ING ANGEL\Desktop\PRUEBA ANALISTA DATOS\ASSETS\VO 23103145\vo23103145_1.jpg,No tiene descuento
VO 21634017,Sensor de presión,$204.51,$204.51,C:\Users\ING ANGEL\Desktop\PRUEBA ANALISTA DATOS\ASSETS\VO 21634017\vo21634017_-_001.png,No tiene descuento
VO 22480372,Filtro De Combustible,$56.86,$56.86,C:\Users\ING ANGEL\Desktop\PRUEBA ANALISTA DATOS\ASSETS\VO 22480372\filtro-decombustible-volvo-vo-22480372.jpg,No tiene descuento
VO 21707133,Filtro de aceite,$43.67,$43.67,C:\Users\ING ANGEL\Desktop\PRUEBA ANALISTA DATOS\ASSETS\VO 21707133\vo21707133_-_001.png,No tiene descuento
VO 21707132,Filtro de aceite,$47.24,$47.24,C:\Users\ING ANGEL\Desktop\PRUEBA ANALISTA DATOS\ASSETS\VO 21707132\vo21707132_-_001.png,No tiene descuento
VO 20740683,Cubierta,$789.15,$789.15,C:\Users\ING ANGEL\Desktop\PRUEBA ANALISTA DATOS\ASSETS\VO 20740683\vo20740683_-_001.png,No tiene descuento
VO 21228153,Cojín De Goma,$417.57,$417.57,C:\Users\ING ANGEL\Desktop\PRUEBA ANALISTA DATOS\ASSETS\VO 21228153\vo21228153_-_001.png,No tiene descuento
VO 21416526,Cojín De Goma,$398.79,$398.79,C:\Users\ING ANGEL\Desktop\PRUEBA ANALISTA DATOS\ASSETS\VO 21416526\vo21416526_-_001.png,No tiene descuento
VO 21523327,Conducto,$69.10,$69.10,C:\Users\ING ANGEL\Desktop\PRUEBA ANALISTA DATOS\ASSETS\VO 21523327\vo21523327_-_001.png,No tiene descuento
VO 22159733,Varilla de articulación,"$1,202.66","$1,202.66",C:\Users\ING ANGEL\Desktop\PRUEBA ANALISTA DATOS\ASSETS\VO 22159733\vo22159733.png,No tiene descuento
VO 3173772,Cojinete,$197.19,$197.19,C:\Users\ING ANGEL\Desktop\PRUEBA ANALISTA DATOS\ASSETS\VO 3173772\vo-3173772_1_1.jpg,No tiene descuento
VO 20855371,Junta,$15.15,$15.15,C:\Users\ING ANGEL\Desktop\PRUEBA ANALISTA DATOS\ASSETS\VO 20855371\20855371.jpg,No tiene descuento
VO 1677370,Anillo reten,$3.82,$3.82,C:\Users\ING ANGEL\Desktop\PRUEBA ANALISTA DATOS\ASSETS\VO 1677370\vo1677370_-_001.png,No tiene descuento
VO 21581522,Juego de Juntas,"$1,103.18",$661.91,C:\Users\ING ANGEL\Desktop\PRUEBA ANALISTA DATOS\ASSETS\VO 21581522\vo21581522_1.jpg,40.00%
VO 23690622,Kit de Filtro Secador de Aire,$264.65,$264.65,C:\Users\ING ANGEL\Desktop\PRUEBA ANALISTA DATOS\ASSETS\VO 23690622\vo23260134_1_2.png,No tiene descuento
VO 22879257,Juego de cojinete de árbol de levas,$45.25,$45.25,C:\Users\ING ANGEL\Desktop\PRUEBA ANALISTA DATOS\ASSETS\VO 22879257\vo22879257_-_001.png,No tiene descuento
VO 22879256,Juego de cojinete de árbol,$45.97,$45.97,C:\Users\ING ANGEL\Desktop\PRUEBA ANALISTA DATOS\ASSETS\VO 22879256\vo_228792561.jpg,No tiene descuento
VO 22482345,Juego de reparación,$128.27,$128.27,C:\Users\ING ANGEL\Desktop\PRUEBA ANALISTA DATOS\ASSETS\VO 22482345\vo22482345_1.jpg,No tiene descuento
VO 21948261,Juego de arandela,$98.38,$98.38,C:\Users\ING ANGEL\Desktop\PRUEBA ANALISTA DATOS\ASSETS\VO 21948261\vo21948261_1.png,No tiene descuento
VO 23468467,Juego de camisa de cilindro,"$1,186.11","$1,186.11",C:\Users\ING ANGEL\Desktop\PRUEBA ANALISTA DATOS\ASSETS\VO 23468467\vo23468467_1.png,No tiene descuento
VO 3175927,Estribo,$469.86,$469.86,C:\Users\ING ANGEL\Desktop\PRUEBA ANALISTA DATOS\ASSETS\VO 3175927\vo3175927_1.jpg,No tiene descuento
VO 1668456,Sincronizador FH13 FM13 VM,$696.81,$696.81,C:\Users\ING ANGEL\Desktop\PRUEBA ANALISTA DATOS\ASSETS\VO 1668456\vo1668456_1.jpg,No tiene descuento
VO 948211,Abrazadera,$0.48,$0.48,C:\Users\ING ANGEL\Desktop\PRUEBA ANALISTA DATOS\ASSETS\VO 948211\vo948211_1.png,No tiene descuento
VO 1521564,Junta,$8.40,$8.40,C:\Users\ING ANGEL\Desktop\PRUEBA ANALISTA DATOS\ASSETS\VO 1521564\vo1521564_1.png,No tiene descuento
VO 21992993,Anillo Sincronizador FM FH FMX,$479.17,$287.51,C:\Users\ING ANGEL\Desktop\PRUEBA ANALISTA DATOS\ASSETS\VO 21992993\vo21992993_1.png,40.00%
VO 20374546,Amortiguador suspensión delantera FM12 FM13,$470.60,$470.60,C:\Users\ING ANGEL\Desktop\PRUEBA ANALISTA DATOS\ASSETS\VO 20374546\vo20374545_1.jpg,No tiene descuento
VO 21228154,Cojín trasero para camiones FH13,$417.97,$417.97,C:\Users\ING ANGEL\Desktop\PRUEBA ANALISTA DATOS\ASSETS\VO 21228154\vo21228154_-_001.png,No tiene descuento
VO 3093504,Juego de juntas,$227.74,$227.74,C:\Users\ING ANGEL\Desktop\PRUEBA ANALISTA DATOS\ASSETS\VO 3093504\vo3093504_11.jpg,No tiene descuento
VO 471708,Listón de goma,$3.62,$3.62,C:\Users\ING ANGEL\Desktop\PRUEBA ANALISTA DATOS\ASSETS\VO 471708\vo471708_1.png,No tiene descuento
VO 21532258,Anillo retén,$3.32,$3.32,C:\Users\ING ANGEL\Desktop\PRUEBA ANALISTA DATOS\ASSETS\VO 21532258\vo21532258_1_1.png,No tiene descuento
VO 992065,Anillo tórico,$30.87,$30.87,C:\Users\ING ANGEL\Desktop\PRUEBA ANALISTA DATOS\ASSETS\VO 992065\vo992065_1.jpg,No tiene descuento
VO 1652986,Rodaje para FH FM,$60.01,$60.01,C:\Users\ING ANGEL\Desktop\PRUEBA ANALISTA DATOS\ASSETS\VO 1652986\vo1652986_1_1.png,No tiene descuento
VO 22023120,Kit de filtro de aceite,$41.84,$25.11,C:\Users\ING ANGEL\Desktop\PRUEBA ANALISTA DATOS\ASSETS\VO 22023120\vo22023120_-_001.png,39.99%
VO 3095196,Juego de zapata de freno,$356.63,$356.63,C:\Users\ING ANGEL\Desktop\PRUEBA ANALISTA DATOS\ASSETS\VO 3095196\vo3095196_1.jpg,No tiene descuento
VO 84557585,Pedal de acelerador,$609.08,$609.08,C:\Users\ING ANGEL\Desktop\PRUEBA ANALISTA DATOS\ASSETS\VO 84557585\vo84557585_1.jpg,No tiene descuento
VO 21811707,Válvula de protección de circuito,$565.95,$565.95,C:\Users\ING ANGEL\Desktop\PRUEBA ANALISTA DATOS\ASSETS\VO 21811707\vo21811707_-_001.png,No tiene descuento
VO 21258220,Manguera,$169.70,$169.70,C:\Users\ING ANGEL\Desktop\PRUEBA ANALISTA DATOS\ASSETS\VO 21258220\vo21258220_-_001.png,No tiene descuento
VO 20532237,Filtro refrigerante,$110.87,$110.87,C:\Users\ING ANGEL\Desktop\PRUEBA ANALISTA DATOS\ASSETS\VO 20532237\vo20532237_1_1.jpg,No tiene descuento
VO 23428377,Líquido de freno,$16.00,$16.00,C:\Users\ING ANGEL\Desktop\PRUEBA ANALISTA DATOS\ASSETS\VO 23428377\vo23428437.jpg,No tiene descuento
VO 20580233,Filtro hidráulico,$54.93,$54.93,C:\Users\ING ANGEL\Desktop\PRUEBA ANALISTA DATOS\ASSETS\VO 20580233\vo20580233_1.jpg,No tiene descuento
VO 23150684,Bocina,$156.82,$156.82,C:\Users\ING ANGEL\Desktop\PRUEBA ANALISTA DATOS\ASSETS\VO 23150684\vo23150684_1.jpg,No tiene descuento
VO 21247147,Sensor de velocidad de la rueda,$175.42,$175.42,C:\Users\ING ANGEL\Desktop\PRUEBA ANALISTA DATOS\ASSETS\VO 21247147\vo21247147_-_001.png,No tiene descuento
VO 21247154,Sensor de velocidad de la rueda,$175.42,$175.42,C:\Users\ING ANGEL\Desktop\PRUEBA ANALISTA DATOS\ASSETS\VO 21247154\vo21247154_1.jpg,No tiene descuento
VO 21422765,Tensor De Correa,$372.37,$372.37,C:\Users\ING ANGEL\Desktop\PRUEBA ANALISTA DATOS\ASSETS\VO 21422765\vo21422765_-_001.png,No tiene descuento
VO 22422785,Sensor De Presión y Temperatura,$294.01,$294.01,C:\Users\ING ANGEL\Desktop\PRUEBA ANALISTA DATOS\ASSETS\VO 22422785\picture4_1.jpg,No tiene descuento
VO 23469625,Cruceta,$881.67,$881.67,C:\Users\ING ANGEL\Desktop\PRUEBA ANALISTA DATOS\ASSETS\VO 23469625\vo23469625_-_001.png,No tiene descuento
VO 22275091,Correa en V,$89.86,$89.86,C:\Users\ING ANGEL\Desktop\PRUEBA ANALISTA DATOS\ASSETS\VO 22275091\vo22275091_-_001.png,No tiene descuento
VO 23441664,Embrague,"$1,352.40",$946.68,C:\Users\ING ANGEL\Desktop\PRUEBA ANALISTA DATOS\ASSETS\VO 23441664\vo23441664_-_001.png,30.00%
VO 23558901,Juego de Camisa de Cilindro,$830.28,$830.28,C:\Users\ING ANGEL\Desktop\PRUEBA ANALISTA DATOS\ASSETS\VO 23558901\picture1.png,No tiene descuento
VO 23105541,SERVOEMBRAGUE,$773.53,$502.79,C:\Users\ING ANGEL\Desktop\PRUEBA ANALISTA DATOS\ASSETS\VO 23105541\vo23105541_-_001.png,35.00%
VO 20514450,Válvula de Suspensión,$988.70,$988.70,C:\Users\ING ANGEL\Desktop\PRUEBA ANALISTA DATOS\ASSETS\VO 20514450\vo20514450_1.jpg,No tiene descuento
VO 21083657,Válvula de control,"$1,459.08","$1,459.08",C:\Users\ING ANGEL\Desktop\PRUEBA ANALISTA DATOS\ASSETS\VO 21083657\vo21083657_1.jpg,No tiene descuento
VO 21083660,Válvula de control,"$1,459.08","$1,459.08",C:\Users\ING ANGEL\Desktop\PRUEBA ANALISTA DATOS\ASSETS\VO 21083660\vo21083660_1.jpg,No tiene descuento
VO 21610676,Juego De Metales De Biela,$53.38,$53.38,C:\Users\ING ANGEL\Desktop\PRUEBA ANALISTA DATOS\ASSETS\VO 21610676\vo21610676_1.jpg,No tiene descuento
VO 984729,Tornillo embridado,$2.78,$2.78,C:\Users\ING ANGEL\Desktop\PRUEBA ANALISTA DATOS\ASSETS\VO 984729\vo984729_1.jpg,No tiene descuento
VO 20967831,Juego de cojinete de rodillos,$813.29,$528.64,C:\Users\ING ANGEL\Desktop\PRUEBA ANALISTA DATOS\ASSETS\VO 20967831\vo20967831_-_001.png,35.00%
VO 23624058,Cojinete de bancada,$45.42,$45.42,C:\Users\ING ANGEL\Desktop\PRUEBA ANALISTA DATOS\ASSETS\VO 23624058\vo23624058_1.jpg,No tiene descuento
VO 8172628,Válvula de bloqueo,$366.52,$366.52,C:\Users\ING ANGEL\Desktop\PRUEBA ANALISTA DATOS\ASSETS\VO 8172628\vo8172628_1.jpg,No tiene descuento
VO 21278227,Manguito de embrague,$616.29,$616.29,C:\Users\ING ANGEL\Desktop\PRUEBA ANALISTA DATOS\ASSETS\VO 21278227\vo21278227_1_-_copy.jpg,No tiene descuento
VO 21278223,Manguito de embrague,$655.68,$655.68,C:\Users\ING ANGEL\Desktop\PRUEBA ANALISTA DATOS\ASSETS\VO 21278223\vo21278223_1.jpg,No tiene descuento
VO 22328752,Anillo retén,$32.60,$32.60,C:\Users\ING ANGEL\Desktop\PRUEBA ANALISTA DATOS\ASSETS\VO 22328752\vo22328752_1.jpg,No tiene descuento
VO 1654088,Juego de cojinete de agujas,$80.02,$80.02,C:\Users\ING ANGEL\Desktop\PRUEBA ANALISTA DATOS\ASSETS\VO 1654088\vo1654088_1.jpg,No tiene descuento
VO 20847116,Juego De Émbolo Y Resorte,$27.60,$27.60,C:\Users\ING ANGEL\Desktop\PRUEBA ANALISTA DATOS\ASSETS\VO 20847116\vo20847116_1.jpg,No tiene descuento
VO 1521452,Cojinete de agujas,$91.99,$55.20,C:\Users\ING ANGEL\Desktop\PRUEBA ANALISTA DATOS\ASSETS\VO 1521452\vo1521452_1.jpg,39.99%
VO 3092575,Kit de reparación de cilindro,$159.63,$159.63,C:\Users\ING ANGEL\Desktop\PRUEBA ANALISTA DATOS\ASSETS\VO 3092575\vo3092575_1.jpg,No tiene descuento
VO 20476025,Anillo retén,$80.43,$80.43,C:\Users\ING ANGEL\Desktop\PRUEBA ANALISTA DATOS\ASSETS\VO 20476025\vo20476025_1.jpg,No tiene descuento
VO 3093230,Juego de reparación de cilindro,$139.20,$139.20,C:\Users\ING ANGEL\Desktop\PRUEBA ANALISTA DATOS\ASSETS\VO 3093230\vo3093230_1.jpg,No tiene descuento
VO 1656116,Cojinete de rodillos,$91.83,$91.83,C:\Users\ING ANGEL\Desktop\PRUEBA ANALISTA DATOS\ASSETS\VO 1656116\vo1656116_1.jpg,No tiene descuento
VO 1521453,Cojinete de agujas,$182.95,$109.76,C:\Users\ING ANGEL\Desktop\PRUEBA ANALISTA DATOS\ASSETS\VO 1521453\vo1521453_1.jpg,40.01%
VO 21141850,Juego de émbolo y resorte,$24.86,$24.86,C:\Users\ING ANGEL\Desktop\PRUEBA ANALISTA DATOS\ASSETS\VO 21141850\vo21141850_1.jpg,No tiene descuento
VO 20760515,Anillo de acoplamiento,$345.56,$345.56,C:\Users\ING ANGEL\Desktop\PRUEBA ANALISTA DATOS\ASSETS\VO 20760515\vo20760515__1.jpg,No tiene descuento
VO 1069254,Cono de sincronización,$115.22,$115.22,C:\Users\ING ANGEL\Desktop\PRUEBA ANALISTA DATOS\ASSETS\VO 1069254\vo1069254_1.jpg,No tiene descuento
VO 21613426,Termostato 82° C,$131.48,$131.48,C:\Users\ING ANGEL\Desktop\PRUEBA ANALISTA DATOS\ASSETS\VO 21613426\vo21613426_1.jpg,No tiene descuento
VO 20450240,Ventilador de Radiador,"$1,280.35","$1,280.35",C:\Users\ING ANGEL\Desktop\PRUEBA ANALISTA DATOS\ASSETS\VO 20450240\vo-20450240_1.jpg,No tiene descuento
VO 22479213,Turbocompresor,"$2,471.26","$1,853.45",C:\Users\ING ANGEL\Desktop\PRUEBA ANALISTA DATOS\ASSETS\VO 22479213\vo22479213_-_001.png,25.00%
VO 22239217,Faro principal - lado derecho,"$1,080.75","$1,080.75",C:\Users\ING ANGEL\Desktop\PRUEBA ANALISTA DATOS\ASSETS\VO 22239217\vo-22239217_1.png,No tiene descuento
VO 84094705,Compresor de aire acondicionado,"$1,531.60","$1,531.60",C:\Users\ING ANGEL\Desktop\PRUEBA ANALISTA DATOS\ASSETS\VO 84094705\vo84094705_-_001.png,No tiene descuento
VO 20803650,Sensor de presión,$337.26,$337.26,C:\Users\ING ANGEL\Desktop\PRUEBA ANALISTA DATOS\ASSETS\VO 20803650\vo21634024_-_001_1.png,No tiene descuento
VO 22194741,Sensor,$444.42,$244.44,C:\Users\ING ANGEL\Desktop\PRUEBA ANALISTA DATOS\ASSETS\VO 22194741\vo22194741_-_001.png,45.00%
VO 21395854,Kit de cojinetes,$752.67,$752.67,C:\Users\ING ANGEL\Desktop\PRUEBA ANALISTA DATOS\ASSETS\VO 21395854\vo21395854_1.jpg,No tiene descuento
VO 21328181,Cubo (eje trasero),"$1,793.48","$1,793.48",C:\Users\ING ANGEL\Desktop\PRUEBA ANALISTA DATOS\ASSETS\VO 21328181\vo21328181_1.jpg,No tiene descuento
VO 20581089,Rótula de dirección - lado derecho,$377.12,$377.12,C:\Users\ING ANGEL\Desktop\PRUEBA ANALISTA DATOS\ASSETS\VO 20581089\vo20581089_-_001.png,No tiene descuento
VO 20710008,Rótula de dirección - lado izquierdo,$377.12,$377.12,C:\Users\ING ANGEL\Desktop\PRUEBA ANALISTA DATOS\ASSETS\VO 20710008\vo20710008_-_001.png,No tiene descuento
VO 22260493,Manguera,$233.83,$233.83,C:\Users\ING ANGEL\Desktop\PRUEBA ANALISTA DATOS\ASSETS\VO 22260493\vo22260493_-_001.png,No tiene descuento
VO 8550978,Juego de reparación de frenos,$437.86,$437.86,C:\Users\ING ANGEL\Desktop\PRUEBA ANALISTA DATOS\ASSETS\VO 8550978\juego-de-reparacion-de-frenos_2.png,No tiene descuento
VO 8550977,Piñón derecho,$437.86,$437.86,C:\Users\ING ANGEL\Desktop\PRUEBA ANALISTA DATOS\ASSETS\VO 8550977\vo8550977_-_001.png,No tiene descuento
VO 20533195,Cilindro de frenos,"$1,019.13","$1,019.13",C:\Users\ING ANGEL\Desktop\PRUEBA ANALISTA DATOS\ASSETS\VO 20533195\vo20533195_-_001.png,No tiene descuento
VO 21479106,Kit de filtro de aceite,$41.84,$25.11,C:\Users\ING ANGEL\Desktop\PRUEBA ANALISTA DATOS\ASSETS\VO 21479106\vo21479106_-_001.png,39.99%
VO 21740038,Válvula de relé,$381.09,$381.09,C:\Users\ING ANGEL\Desktop\PRUEBA ANALISTA DATOS\ASSETS\VO 21740038\valvula-de-rele_1.png,No tiene descuento
VO 20569151,Cojinete de desembrague,$505.71,$354.00,C:\Users\ING ANGEL\Desktop\PRUEBA ANALISTA DATOS\ASSETS\VO 20569151\vo20569151_-_001.png,30.00%
VO 1672231,Válvula de bloqueo,$366.77,$366.77,C:\Users\ING ANGEL\Desktop\PRUEBA ANALISTA DATOS\ASSETS\VO 1672231\valvula-de-bloqueo_3.png,No tiene descuento
VO 20785252,Juego de retenes de reparación de caja,$548.18,$548.18,C:\Users\ING ANGEL\Desktop\PRUEBA ANALISTA DATOS\ASSETS\VO 20785252\vo20785252_-_001.png,No tiene descuento
VO 1521900,Bomba de aceite,$500.70,$500.70,C:\Users\ING ANGEL\Desktop\PRUEBA ANALISTA DATOS\ASSETS\VO 1521900\bomba-de-aceite_1.png,No tiene descuento
VO 3192951,Cono de sincronización,$486.31,$486.31,C:\Users\ING ANGEL\Desktop\PRUEBA ANALISTA DATOS\ASSETS\VO 3192951\cono-de-sincronizacion_1.png,No tiene descuento
VO 20835246,Cilindro maestro,$265.94,$265.94,C:\Users\ING ANGEL\Desktop\PRUEBA ANALISTA DATOS\ASSETS\VO 20835246\cilindro-maestro_1.png,No tiene descuento
VO 20783875,Válvula de bloqueo,$238.10,$238.10,C:\Users\ING ANGEL\Desktop\PRUEBA ANALISTA DATOS\ASSETS\VO 20783875\vo20783875_-_001.jpg,No tiene descuento
VO 1676400,Vaso de expansión,$291.80,$291.80,C:\Users\ING ANGEL\Desktop\PRUEBA ANALISTA DATOS\ASSETS\VO 1676400\1676400.png,No tiene descuento
VO 21067551,Bomba de combustible,$435.93,$435.93,C:\Users\ING ANGEL\Desktop\PRUEBA ANALISTA DATOS\ASSETS\VO 21067551\vo21067551_-_001.png,No tiene descuento
VO 276134,Juego de metal de biela,$55.17,$55.17,C:\Users\ING ANGEL\Desktop\PRUEBA ANALISTA DATOS\ASSETS\VO 276134\juego-de-metal-de-biela_1.png,No tiene descuento
VO 21184874,Volante de motor,"$3,408.77","$3,408.77",C:\Users\ING ANGEL\Desktop\PRUEBA ANALISTA DATOS\ASSETS\VO 21184874\volante-de-motor_1.png,No tiene descuento
VO 21596642,Válvula de control,$435.63,$435.63,C:\Users\ING ANGEL\Desktop\PRUEBA ANALISTA DATOS\ASSETS\VO 21596642\vo21596642_-_001.png,No tiene descuento
VO 20740798,Válvula de admisión,$99.93,$99.93,C:\Users\ING ANGEL\Desktop\PRUEBA ANALISTA DATOS\ASSETS\VO 20740798\valvula-de-admision_2.png,No tiene descuento
VO 20580558,Juego de metales de biela,$46.59,$46.59,C:\Users\ING ANGEL\Desktop\PRUEBA ANALISTA DATOS\ASSETS\VO 20580558\juego-de-metales-de-biela_1.png,No tiene descuento
VO 21768034,Juego de Juntas,"$1,098.36",$659.02,C:\Users\ING ANGEL\Desktop\PRUEBA ANALISTA DATOS\ASSETS\VO 21768034\juego-de-juntas_1.png,40.00%
VO 21351717,Manguito de Inyector,$45.54,$45.54,C:\Users\ING ANGEL\Desktop\PRUEBA ANALISTA DATOS\ASSETS\VO 21351717\manguito-de-inyector_1.png,No tiene descuento
VO 20919484,Guía de válvula de admisión y escape,$21.07,$21.07,C:\Users\ING ANGEL\Desktop\PRUEBA ANALISTA DATOS\ASSETS\VO 20919484\vo20919484_-_001.png,No tiene descuento
VO 22035432,Árbol de transmisión,"$3,847.90","$3,847.90",C:\Users\ING ANGEL\Desktop\PRUEBA ANALISTA DATOS\ASSETS\VO 22035432\vo22035432_1.png,No tiene descuento
VO 22279968,Tanque de combustible,$996.95,$996.95,C:\Users\ING ANGEL\Desktop\PRUEBA ANALISTA DATOS\ASSETS\VO 22279968\vo22279968_1.png,No tiene descuento
VO 21539730,Amortiguador de cabina,$129.88,$129.88,C:\Users\ING ANGEL\Desktop\PRUEBA ANALISTA DATOS\ASSETS\VO 21539730\vo21539730_1.png,No tiene descuento
VO 22318834,Barra en V,"$1,790.01","$1,790.01",C:\Users\ING ANGEL\Desktop\PRUEBA ANALISTA DATOS\ASSETS\VO 22318834\vo-22318834_1.png,No tiene descuento
VO 20524936,Sensor de presión,$270.82,$270.82,C:\Users\ING ANGEL\Desktop\PRUEBA ANALISTA DATOS\ASSETS\VO 20524936\vo20524936_1.png,No tiene descuento
VO 1069255,Cono de sincronización,$505.36,$505.36,C:\Users\ING ANGEL\Desktop\PRUEBA ANALISTA DATOS\ASSETS\VO 1069255\vo1069255_1.png,No tiene descuento
VO 21036050,Cojinete de ruedas,"$1,082.08",$703.35,C:\Users\ING ANGEL\Desktop\PRUEBA ANALISTA DATOS\ASSETS\VO 21036050\vo21036050_-_001.png,35.00%
VO 21450362,Tapa,$506.63,$506.63,C:\Users\ING ANGEL\Desktop\PRUEBA ANALISTA DATOS\ASSETS\VO 21450362\vo21450362_-_001.png,No tiene descuento
VO 8127762,Forro de freno posterior,$395.11,$395.11,C:\Users\ING ANGEL\Desktop\PRUEBA ANALISTA DATOS\ASSETS\VO 8127762\vo8127762_-_001.png,No tiene descuento
VO 20824906,Bomba de aceite,$918.19,$918.19,C:\Users\ING ANGEL\Desktop\PRUEBA ANALISTA DATOS\ASSETS\VO 20824906\vo20824906_-_001.png,No tiene descuento
VO 1161933,Aceite para Caja 80W90 - 20 Litros,$241.90,$157.18,C:\Users\ING ANGEL\Desktop\PRUEBA ANALISTA DATOS\ASSETS\VO 1161933\vo1161933_1.png,35.02%
VO 23068343,Aceite de Motor VDS 4.5 CK4 Galón 4 Lts,$44.19,$44.19,C:\Users\ING ANGEL\Desktop\PRUEBA ANALISTA DATOS\ASSETS\VO 23068343\aceite-de-motor-vds-4-5-ck4-galon-3-78-lts_11.png,No tiene descuento
VO 21111925,Amortiguador de cabina,$261.37,$169.90,C:\Users\ING ANGEL\Desktop\PRUEBA ANALISTA DATOS\ASSETS\VO 21111925\vo21111925.png,35.00%
VO 1161937,Aceite para Diferencial  85W140 - 20 Litros,$194.00,$160.24,C:\Users\ING ANGEL\Desktop\PRUEBA ANALISTA DATOS\ASSETS\VO 1161937\vo1161937_1.png,17.40%
VO 21620181,Filtro Secador de Aire,$144.08,$108.06,C:\Users\ING ANGEL\Desktop\PRUEBA ANALISTA DATOS\ASSETS\VO 21620181\vo21620181_1.png,25.00%
VO 21646614,Disco de Embrague,"$1,305.00",$978.75,C:\Users\ING ANGEL\Desktop\PRUEBA ANALISTA DATOS\ASSETS\VO 21646614\disco-de-embrague_6.jpg,25.00%
VO 21103569,Anillo Retén,$23.51,$23.51,C:\Users\ING ANGEL\Desktop\PRUEBA ANALISTA DATOS\ASSETS\VO 21103569\vo21103569_1.png,No tiene descuento
VO 23289179,Kit de Árbol de Levas,"$4,287.14","$4,287.14",C:\Users\ING ANGEL\Desktop\PRUEBA ANALISTA DATOS\ASSETS\VO 23289179\vo23289179_1.jpg,No tiene descuento
VO 21870628,Cuerpo de Filtro de Combustible,$573.28,$573.28,C:\Users\ING ANGEL\Desktop\PRUEBA ANALISTA DATOS\ASSETS\VO 21870628\vo21870628_1_1.png,No tiene descuento
VO 22902431,Bomba de Agua,$606.01,$606.01,C:\Users\ING ANGEL\Desktop\PRUEBA ANALISTA DATOS\ASSETS\VO 22902431\bomba-de-agua_6.jpg,No tiene descuento
VO 21371672,Inyector para Motor D13,"$1,578.93","$1,026.31",C:\Users\ING ANGEL\Desktop\PRUEBA ANALISTA DATOS\ASSETS\VO 21371672\inyector-para-motor-d13_1.jpg,35.00%
VO 23429027,Filtro de Aire Secundario,$212.18,$212.18,C:\Users\ING ANGEL\Desktop\PRUEBA ANALISTA DATOS\ASSETS\VO 23429027\filtro-de-aire-secundario_30.jpg,No tiene descuento
VO 21834210,Filtro de Aire Primario,$203.04,$203.04,C:\Users\ING ANGEL\Desktop\PRUEBA ANALISTA DATOS\ASSETS\VO 21834210\filtro-de-aire-primario_55.jpg,No tiene descuento
VO 21743197,Filtro de Aire,$47.97,$47.97,C:\Users\ING ANGEL\Desktop\PRUEBA ANALISTA DATOS\ASSETS\VO 21743197\filtro-de-aire_14.jpg,No tiene descuento
VO 20524584,Servoembrague,$870.31,$870.31,C:\Users\ING ANGEL\Desktop\PRUEBA ANALISTA DATOS\ASSETS\VO 20524584\servoembrague_7.jpg,No tiene descuento
VO 23294956,Filtro de Aire Secundario,$222.23,$155.56,C:\Users\ING ANGEL\Desktop\PRUEBA ANALISTA DATOS\ASSETS\VO 23294956\vo23294956_-_001.png,30.00%
VO 20760512,Manguito de Embrague,"$1,087.56","$1,087.56",C:\Users\ING ANGEL\Desktop\PRUEBA ANALISTA DATOS\ASSETS\VO 20760512\manguito-de-embrague_7.jpg,No tiene descuento
VO 21834205,Filtro de Aire Primario,$234.34,$140.60,C:\Users\ING ANGEL\Desktop\PRUEBA ANALISTA DATOS\ASSETS\VO 21834205\vo-21834205_1.jpg,40.00%
VO 21834199,Filtro de Aire Primario,$197.97,$138.58,C:\Users\ING ANGEL\Desktop\PRUEBA ANALISTA DATOS\ASSETS\VO 21834199\filtro-de-aire-primario_52.jpg,30.00%
PE2 20002065,Kit de Mantenimiento Preventivo - Bombona D12A,$569.81,$370.38,C:\Users\ING ANGEL\Desktop\PRUEBA ANALISTA DATOS\ASSETS\PE2 20002065\pe220002065_1.png,35.00%
PE2 20002053,Kit de Mantenimiento Preventivo - Cilindro D13,"$3,257.43","$2,117.32",C:\Users\ING ANGEL\Desktop\PRUEBA ANALISTA DATOS\ASSETS\PE2 20002053\kit-mantenimiento-volvo-3.png,35.00%
PE2 20002051,Kit de Mantenimiento Preventivo - Bombona D13,$670.55,$435.86,C:\Users\ING ANGEL\Desktop\PRUEBA ANALISTA DATOS\ASSETS\PE2 20002051\kit-mantenimiento-volvo-1_1.png,35.00%
VO 20374545,Amortiguador,$444.14,$444.14,C:\Users\ING ANGEL\Desktop\PRUEBA ANALISTA DATOS\ASSETS\VO 20374545\amortiguador_16.jpg,No tiene descuento
VO 21739593,Amortiguador,$346.58,$225.27,C:\Users\ING ANGEL\Desktop\PRUEBA ANALISTA DATOS\ASSETS\VO 21739593\amortiguador_15.jpg,35.00%
VO 21961456,Resorte Neumático,$488.31,$488.31,C:\Users\ING ANGEL\Desktop\PRUEBA ANALISTA DATOS\ASSETS\VO 21961456\resorte-neumatico_8.jpg,No tiene descuento
VO 21615194,Disco de Embrague,"$1,302.57",$911.80,C:\Users\ING ANGEL\Desktop\PRUEBA ANALISTA DATOS\ASSETS\VO 21615194\vo23441664_-_001_2.png,30.00%
VO 21479276,Tensor de Correa,$374.18,$374.18,C:\Users\ING ANGEL\Desktop\PRUEBA ANALISTA DATOS\ASSETS\VO 21479276\tensor-de-correa_4.jpg,No tiene descuento
VO 22770448,Toma de Fuerza,"$3,266.75","$3,266.75",C:\Users\ING ANGEL\Desktop\PRUEBA ANALISTA DATOS\ASSETS\VO 22770448\toma-de-fuerza_4.jpg,No tiene descuento
VO 23417523,Cilindro,"$1,339.65","$1,339.65",C:\Users\ING ANGEL\Desktop\PRUEBA ANALISTA DATOS\ASSETS\VO 23417523\cilindro_4.jpg,No tiene descuento
VO 21137458,Amortiguador de cabina,$346.58,$225.27,C:\Users\ING ANGEL\Desktop\PRUEBA ANALISTA DATOS\ASSETS\VO 21137458\amortiguador_14.jpg,35.00%
VO 22128971,Amortiguador,$219.90,$142.93,C:\Users\ING ANGEL\Desktop\PRUEBA ANALISTA DATOS\ASSETS\VO 22128971\amortiguador_13.jpg,35.00%
VO 20390836,Resorte de Goma,$373.26,$373.26,C:\Users\ING ANGEL\Desktop\PRUEBA ANALISTA DATOS\ASSETS\VO 20390836\small_image.jpg,No tiene descuento
VO 23236853,Muelle Delantero,"$1,664.70","$1,664.70",C:\Users\ING ANGEL\Desktop\PRUEBA ANALISTA DATOS\ASSETS\VO 23236853\ballesta_7.jpg,No tiene descuento
VO 21961374,Resorte Neumático,$500.41,$500.41,C:\Users\ING ANGEL\Desktop\PRUEBA ANALISTA DATOS\ASSETS\VO 21961374\resorte-neumatico_7.jpg,No tiene descuento
VO 20442252,Cojinete De Goma,$267.71,$174.01,C:\Users\ING ANGEL\Desktop\PRUEBA ANALISTA DATOS\ASSETS\VO 20442252\cojinete-de-goma_4.jpg,35.00%
VO 23149532,Juego De Pastillas,$348.28,$348.28,C:\Users\ING ANGEL\Desktop\PRUEBA ANALISTA DATOS\ASSETS\VO 23149532\juego-de-pastillas_18.jpg,No tiene descuento
VO 21352570,Juego De Pastillas,$355.69,$355.69,C:\Users\ING ANGEL\Desktop\PRUEBA ANALISTA DATOS\ASSETS\VO 21352570\vo21352570_-_001.png,No tiene descuento
VO 22327063,Electroválvula,$669.07,$468.35,C:\Users\ING ANGEL\Desktop\PRUEBA ANALISTA DATOS\ASSETS\VO 22327063\vo22327063_-_001.png,30.00%
VO 21461193,Batería Volvo 170 Ah CCA 1000 A con mantenimiento,$938.99,$938.99,C:\Users\ING ANGEL\Desktop\PRUEBA ANALISTA DATOS\ASSETS\VO 21461193\bateria_11.jpg,No tiene descuento
VO 22174422,Instrumento Combinado,"$2,349.27","$2,349.27",C:\Users\ING ANGEL\Desktop\PRUEBA ANALISTA DATOS\ASSETS\VO 22174422\vo22174422_-_001.png,No tiene descuento
PE2 20002071,Kit de mostrador Nueva línea VM,$436.93,$284.00,C:\Users\ING ANGEL\Desktop\PRUEBA ANALISTA DATOS\ASSETS\PE2 20002071\small_image.jpg,35.00%
VO 20500815,Anclaje ballesta,$91.97,$91.97,C:\Users\ING ANGEL\Desktop\PRUEBA ANALISTA DATOS\ASSETS\VO 20500815\vo20500815_-_001.png,No tiene descuento
VO 20500823,Casquillo,$99.63,$99.63,C:\Users\ING ANGEL\Desktop\PRUEBA ANALISTA DATOS\ASSETS\VO 20500823\vo20500823_-_001.png,No tiene descuento
VO 22655457,Hoja de Muelle delantero,"$1,295.81","$1,295.81",C:\Users\ING ANGEL\Desktop\PRUEBA ANALISTA DATOS\ASSETS\VO 22655457\hoja-de-muelle-delantero-volvo-vo-22655457.jpg,No tiene descuento
VO 21666239,Ventilador,"$1,267.28","$1,267.28",C:\Users\ING ANGEL\Desktop\PRUEBA ANALISTA DATOS\ASSETS\VO 21666239\ventilador-volvo-vo-21666239.jpg,No tiene descuento
VO 82475926,Proteccion de faro,$307.04,$307.04,C:\Users\ING ANGEL\Desktop\PRUEBA ANALISTA DATOS\ASSETS\VO 82475926\vo82475926_-_001.jpg,No tiene descuento
VO 84219578,Visera,$823.18,$823.18,C:\Users\ING ANGEL\Desktop\PRUEBA ANALISTA DATOS\ASSETS\VO 84219578\vo84219578_-_001.png,No tiene descuento
VO 20911633,Junta para colector de escape,$20.90,$20.90,C:\Users\ING ANGEL\Desktop\PRUEBA ANALISTA DATOS\ASSETS\VO 20911633\vo20911633_-_001.png,No tiene descuento
VO 21793270,Junta para turbo,$20.21,$20.21,C:\Users\ING ANGEL\Desktop\PRUEBA ANALISTA DATOS\ASSETS\VO 21793270\vo21793270_-_001.jpg,No tiene descuento
VO 20965371,Turbo,"$1,956.98","$1,956.98",C:\Users\ING ANGEL\Desktop\PRUEBA ANALISTA DATOS\ASSETS\VO 20965371\vo20965371_-_001.png,No tiene descuento
VO 20812690,Disco de embrague,"$1,121.32","$1,121.32",C:\Users\ING ANGEL\Desktop\PRUEBA ANALISTA DATOS\ASSETS\VO 20812690\vo20812690_1.jpg,No tiene descuento
VO 20708110,Cubierta,$32.51,$32.51,C:\Users\ING ANGEL\Desktop\PRUEBA ANALISTA DATOS\ASSETS\VO 20708110\vo20708110_-_001.jpg,No tiene descuento
VO 21303956,Tuerca de rueda,$10.68,$10.68,C:\Users\ING ANGEL\Desktop\PRUEBA ANALISTA DATOS\ASSETS\VO 21303956\vo21303956_-_001.jpg,No tiene descuento
VO 20538012,Escalón,$153.07,$153.07,C:\Users\ING ANGEL\Desktop\PRUEBA ANALISTA DATOS\ASSETS\VO 20538012\vo20538012_-_001_1.png,No tiene descuento
VO 20538247,Escalón,$153.07,$153.07,C:\Users\ING ANGEL\Desktop\PRUEBA ANALISTA DATOS\ASSETS\VO 20538247\vo20538247_-_001_1.png,No tiene descuento
VO 21087113,Apoyo,$506.36,$506.36,C:\Users\ING ANGEL\Desktop\PRUEBA ANALISTA DATOS\ASSETS\VO 21087113\vo21087113_-_001_1.png,No tiene descuento
VO 20593721,Estribo,$279.27,$279.27,C:\Users\ING ANGEL\Desktop\PRUEBA ANALISTA DATOS\ASSETS\VO 20593721\vo20593721_-_001.png,No tiene descuento
VO 20541447,Cubierta,$226.12,$226.12,C:\Users\ING ANGEL\Desktop\PRUEBA ANALISTA DATOS\ASSETS\VO 20541447\vo20541447_-_001.png,No tiene descuento
VO 22095097,Filtro de combustible,$57.86,$57.86,C:\Users\ING ANGEL\Desktop\PRUEBA ANALISTA DATOS\ASSETS\VO 22095097\vo22095097_1.jpg,No tiene descuento
VO 8159975,Filtro separador de agua,$85.13,$85.13,C:\Users\ING ANGEL\Desktop\PRUEBA ANALISTA DATOS\ASSETS\VO 8159975\vo8159975_1.png.jpg,No tiene descuento
PE2 20001979,Kit de Mantenimiento Preventivo - Bombona B270F VM,$474.42,$284.65,C:\Users\ING ANGEL\Desktop\PRUEBA ANALISTA DATOS\ASSETS\PE2 20001979\pe220001979_1_1.png,40.00%
VO 21587332,Inyector bomba,"$1,176.34","$1,176.34",C:\Users\ING ANGEL\Desktop\PRUEBA ANALISTA DATOS\ASSETS\VO 21587332\vo-21587332_1.png,No tiene descuento
VO 22899626,Sensor de presión,$213.46,$213.46,C:\Users\ING ANGEL\Desktop\PRUEBA ANALISTA DATOS\ASSETS\VO 22899626\vo22899626_1_1.jpg,No tiene descuento
PE2 20002048,Kit de Mantenimiento Preventivo - Bombona FE,$488.64,$317.62,C:\Users\ING ANGEL\Desktop\PRUEBA ANALISTA DATOS\ASSETS\PE2 20002048\pe120002048_1.png,35.00%
VO 20732728,Filtro de Aire Secundario,$73.92,$73.92,C:\Users\ING ANGEL\Desktop\PRUEBA ANALISTA DATOS\ASSETS\VO 20732728\filtro-de-aire-secundario_18.jpg,No tiene descuento
VO 20732726,Filtro de Aire Primario,$182.02,$182.02,C:\Users\ING ANGEL\Desktop\PRUEBA ANALISTA DATOS\ASSETS\VO 20732726\filtro-de-aire-primario_42.jpg,No tiene descuento
VO 21436535,Filtro de Aire Primario,$241.91,$145.15,C:\Users\ING ANGEL\Desktop\PRUEBA ANALISTA DATOS\ASSETS\VO 21436535\filtro-de-aire-primario_51.jpg,40.00%
VO 20544738,Filtro de Aire Primario,$224.77,$224.77,C:\Users\ING ANGEL\Desktop\PRUEBA ANALISTA DATOS\ASSETS\VO 20544738\filtro-de-aire-primario_39.jpg,No tiene descuento
PE2 20002067,Kit de Mantenimiento Preventivo - Bombona NL 10/12,$482.21,$313.43,C:\Users\ING ANGEL\Desktop\PRUEBA ANALISTA DATOS\ASSETS\PE2 20002067\kit-mantenimiento-volvo-1_1_4.png,35.00%
VO 20578566,Cubierta,$1.99,$1.99,C:\Users\ING ANGEL\Desktop\PRUEBA ANALISTA DATOS\ASSETS\VO 20578566\vo-20578566_1.png,No tiene descuento
VO 20768970,Cristal,$416.67,$416.67,C:\Users\ING ANGEL\Desktop\PRUEBA ANALISTA DATOS\ASSETS\VO 20768970\vo20768970_1.png,No tiene descuento
VO 85022359,Kit de embrague - Reman,"$2,020.66","$2,020.66",C:\Users\ING ANGEL\Desktop\PRUEBA ANALISTA DATOS\ASSETS\VO 85022359\vo85022359_-_001.png,No tiene descuento
VO 20841523,Filtro de Aire,$81.42,$81.42,C:\Users\ING ANGEL\Desktop\PRUEBA ANALISTA DATOS\ASSETS\VO 20841523\small_image.jpg,No tiene descuento
VO 21574409,Junta,$67.28,$67.28,C:\Users\ING ANGEL\Desktop\PRUEBA ANALISTA DATOS\ASSETS\VO 21574409\vo21574409_-_001.png,No tiene descuento
VO 23752844,TAPA,$283.73,$283.73,C:\Users\ING ANGEL\Desktop\PRUEBA ANALISTA DATOS\ASSETS\VO 23752844\vo23752844_-_001.png,No tiene descuento
VO 82417041,Cuerpo de Espejo,$196.92,$196.92,C:\Users\ING ANGEL\Desktop\PRUEBA ANALISTA DATOS\ASSETS\VO 82417041\vo82417041_-_001_1.png,No tiene descuento
VO 82471689,Cuerpo de Espejo,$125.56,$125.56,C:\Users\ING ANGEL\Desktop\PRUEBA ANALISTA DATOS\ASSETS\VO 82471689\vo82471689_-_001.png,No tiene descuento
VO 82471688,Cristal,$144.74,$144.74,C:\Users\ING ANGEL\Desktop\PRUEBA ANALISTA DATOS\ASSETS\VO 82471688\vo82471688_-_001.png,No tiene descuento
VO 8143976,Barra,$20.38,$20.38,C:\Users\ING ANGEL\Desktop\PRUEBA ANALISTA DATOS\ASSETS\VO 8143976\vo8143976_-_001.png,No tiene descuento
VO 1543499,Tuerca embridada,$2.80,$2.80,C:\Users\ING ANGEL\Desktop\PRUEBA ANALISTA DATOS\ASSETS\VO 1543499\vo1543499_1.png,No tiene descuento
VO 21345127,Esparrago,$20.01,$20.01,C:\Users\ING ANGEL\Desktop\PRUEBA ANALISTA DATOS\ASSETS\VO 21345127\vo21345127_-_001.png,No tiene descuento
VO 21881195,Balancín de inyector,$513.26,$513.26,C:\Users\ING ANGEL\Desktop\PRUEBA ANALISTA DATOS\ASSETS\VO 21881195\vo-21881195.jpg,No tiene descuento
VO 995658,Anillo Tórico,$32.28,$32.28,C:\Users\ING ANGEL\Desktop\PRUEBA ANALISTA DATOS\ASSETS\VO 995658\vo995658_-_001.jpg,No tiene descuento
VO 84189305,Cubierta,$27.90,$27.90,C:\Users\ING ANGEL\Desktop\PRUEBA ANALISTA DATOS\ASSETS\VO 84189305\vo84189305_-_001.png,No tiene descuento
VO 3986328,Bomba hidráulica de dirección,"$1,736.43","$1,736.43",C:\Users\ING ANGEL\Desktop\PRUEBA ANALISTA DATOS\ASSETS\VO 3986328\vo3986328_-_001.jpg,No tiene descuento
VO 20571854,Cubo ventilador,$48.12,$48.12,C:\Users\ING ANGEL\Desktop\PRUEBA ANALISTA DATOS\ASSETS\VO 20571854\vo20571854_-_001.png,No tiene descuento
VO 1635305,Ballesta Delantera,$974.72,$974.72,C:\Users\ING ANGEL\Desktop\PRUEBA ANALISTA DATOS\ASSETS\VO 1635305\vo1635305__.png,No tiene descuento
VO 20998367,Filtro separador de agua,$86.95,$86.95,C:\Users\ING ANGEL\Desktop\PRUEBA ANALISTA DATOS\ASSETS\VO 20998367\vo-20998367.jpg,No tiene descuento
VO 22591472,Alternador,"$2,110.49","$1,582.86",C:\Users\ING ANGEL\Desktop\PRUEBA ANALISTA DATOS\ASSETS\VO 22591472\picture2_2.jpg,25.00%
VO 22235310,Radiador,"$2,303.49","$2,303.49",C:\Users\ING ANGEL\Desktop\PRUEBA ANALISTA DATOS\ASSETS\VO 22235310\vo22235310_1.jpg,No tiene descuento
VO 22567302,Refrigerante Amarillo,$97.41,$97.41,C:\Users\ING ANGEL\Desktop\PRUEBA ANALISTA DATOS\ASSETS\VO 22567302\vo22567302_1.png,No tiene descuento
VO 21297917,Lampara,$391.18,$391.18,C:\Users\ING ANGEL\Desktop\PRUEBA ANALISTA DATOS\ASSETS\VO 21297917\vo21297917_-_001.png,No tiene descuento
VO 82467991,Parachoques,$523.41,$523.41,C:\Users\ING ANGEL\Desktop\PRUEBA ANALISTA DATOS\ASSETS\VO 82467991\vo82467991_1_1.jpg,No tiene descuento
VO 20712530,Correa de ventilador,$90.59,$90.59,C:\Users\ING ANGEL\Desktop\PRUEBA ANALISTA DATOS\ASSETS\VO 20712530\vo20712530_1.jpg,No tiene descuento
VO 82356824,Cristal,$161.77,$161.77,C:\Users\ING ANGEL\Desktop\PRUEBA ANALISTA DATOS\ASSETS\VO 82356824\cristal-vo-82356824.jpg,No tiene descuento
VO 21986056,Cubo ventilador,$509.70,$509.70,C:\Users\ING ANGEL\Desktop\PRUEBA ANALISTA DATOS\ASSETS\VO 21986056\vo21986056_-_001.png,No tiene descuento
VO 21649619,Kit Radiador,"$2,303.49","$2,303.49",C:\Users\ING ANGEL\Desktop\PRUEBA ANALISTA DATOS\ASSETS\VO 21649619\radiador-vo-21649619.jpg,No tiene descuento
PE2 20002055,Kit de Mantenimiento Preventivo - Bombona D11A,$676.38,$439.64,C:\Users\ING ANGEL\Desktop\PRUEBA ANALISTA DATOS\ASSETS\PE2 20002055\kit-mantenimiento-volvo-1.png,35.00%
VO 21253763,Juego de aro de pistón,$152.63,$152.63,C:\Users\ING ANGEL\Desktop\PRUEBA ANALISTA DATOS\ASSETS\VO 21253763\vo21253763_-_001.png,No tiene descuento
VO 23111328,Amortiguador de cabina,$261.37,$169.90,C:\Users\ING ANGEL\Desktop\PRUEBA ANALISTA DATOS\ASSETS\VO 23111328\vo23111328.png,35.00%
VO 21430905,Amortiguador de cabina,$219.90,$142.93,C:\Users\ING ANGEL\Desktop\PRUEBA ANALISTA DATOS\ASSETS\VO 21430905\vo21430905_-_001.jpg,35.00%
VO 70320440,Filtro de Aire Primario,$337.67,$337.67,C:\Users\ING ANGEL\Desktop\PRUEBA ANALISTA DATOS\ASSETS\VO 70320440\filtro-de-aire-primario_56.jpg,No tiene descuento
VO 23429018,Filtro de Aire Secundario,$191.57,$134.11,C:\Users\ING ANGEL\Desktop\PRUEBA ANALISTA DATOS\ASSETS\VO 23429018\filtro-de-aire-secundario_21.jpg,29.99%
VO 21693755,Filtro de Aire,$285.09,$199.56,C:\Users\ING ANGEL\Desktop\PRUEBA ANALISTA DATOS\ASSETS\VO 21693755\filtro-de-aire_8.jpg,30.00%
PE2 20002057,Kit de Mantenimiento Preventivo - Cilindro  D11A,"$3,286.57","$2,136.27",C:\Users\ING ANGEL\Desktop\PRUEBA ANALISTA DATOS\ASSETS\PE2 20002057\kit-mantenimiento-volvo-3_2.png,35.00%
VO 257658,Muelle de hojas,"$3,983.16","$3,983.16",C:\Users\ING ANGEL\Desktop\PRUEBA ANALISTA DATOS\ASSETS\VO 257658\vo257658_-_001.jpg,No tiene descuento
VO 21321729,Muelle Delantero,"$2,239.75","$2,239.75",C:\Users\ING ANGEL\Desktop\PRUEBA ANALISTA DATOS\ASSETS\VO 21321729\vo21321729_1.jpg,No tiene descuento
VO 1521725,Anillo Intermedio,"$1,397.71","$1,397.71",C:\Users\ING ANGEL\Desktop\PRUEBA ANALISTA DATOS\ASSETS\VO 1521725\vo1521725_1.png,No tiene descuento
VO 20569147,Placa De Presión,"$1,921.19","$1,921.19",C:\Users\ING ANGEL\Desktop\PRUEBA ANALISTA DATOS\ASSETS\VO 20569147\vo20569147_-_001.png,No tiene descuento
VO 949657,Anillo N10,$4.43,$4.43,C:\Users\ING ANGEL\Desktop\PRUEBA ANALISTA DATOS\ASSETS\VO 949657\vo1544710_1_1.jpg,No tiene descuento
VO 6888848,Filtro de Aire Primario NL,$439.03,$439.03,C:\Users\ING ANGEL\Desktop\PRUEBA ANALISTA DATOS\ASSETS\VO 6888848\vo6888848_-_001.png,No tiene descuento
PE2 422733377,Batería Skandipower 25 Placas  170 AH CCA 1150A,$505.76,$303.46,C:\Users\ING ANGEL\Desktop\PRUEBA ANALISTA DATOS\ASSETS\PE2 422733377\bateria-skandipower-25-placas_4.jpg,40.00%
PE2 522735642,Batería Skandipower 33 Placas 225 AH CCA 1400 A,$523.25,$313.95,C:\Users\ING ANGEL\Desktop\PRUEBA ANALISTA DATOS\ASSETS\PE2 522735642\pe2522735642_1.jpg,40.00%
VolvoConnect PBA,Paquete Básico Anual - Conectividad Volvo,$354.00,$354.00,C:\Users\ING ANGEL\Desktop\PRUEBA ANALISTA DATOS\ASSETS\VolvoConnect PBA\pack-basico-telemetria-volvo_1.jpg,No tiene descuento
VolvoConnect PBS,Paquete Básico Semestral - Conectividad Volvo,$177.00,$177.00,C:\Users\ING ANGEL\Desktop\PRUEBA ANALISTA DATOS\ASSETS\VolvoConnect PBS\pack-basico-telemetria-volvo.jpg,No tiene descuento
VolvoConnect PES,Paquete Estándar Semestral - Conectividad Volvo,$212.40,$212.40,C:\Users\ING ANGEL\Desktop\PRUEBA ANALISTA DATOS\ASSETS\VolvoConnect PES\pack_estandar.jpg,No tiene descuento
VolvoConnect PEA,Paquete Estándar Anual - Conectividad Volvo,$424.80,$424.80,C:\Users\ING ANGEL\Desktop\PRUEBA ANALISTA DATOS\ASSETS\VolvoConnect PEA\pack_estandar_1.jpg,No tiene descuento
VolvoConnect PFS,Paquete Full Semestral - Conectividad Volvo,$247.80,$247.80,C:\Users\ING ANGEL\Desktop\PRUEBA ANALISTA DATOS\ASSETS\VolvoConnect PFS\pack_full.jpg,No tiene descuento
VolvoConnect PFA,Paquete Full Anual - Conectividad Volvo,$495.60,$495.60,C:\Users\ING ANGEL\Desktop\PRUEBA ANALISTA DATOS\ASSETS\VolvoConnect PFA\pack_full_1.jpg,No tiene descuento
